# from	to	note
# Applied to the converted text in one pass, longest key first. A row that maps to itself shields that span from shorter rows.
未設置	未設定	UI label; spans two OpenCC segments so overrides.tsv cannot reach it
回覆	回復	HP recovery in skill text; OpenCC always picks the reply sense
部隊回覆	部隊回覆	reply, keep
開口回覆	開口回覆	reply, keep
回覆遲了	回覆遲了	reply, keep
東西后	東西後	吃完東西後
群后	群後	蟲群後 / 魔物群後
陰影后	陰影後	石柱陰影後
父母后	父母後	失去父母後
光憑几	光憑幾	光憑幾句話
長几隻	長幾隻	多長幾隻手
話太沖	話太衝	說話太衝了
不斷髮	不斷發	不斷發出 / 不斷發生 / 不斷發顫
一直髮	一直發	一直發出
艾絲髮揮	艾絲發揮	希拉艾絲發揮
淨髮生	淨發生	淨發生不幸的事
膚髮麻	膚發麻	皮膚發麻
潤髮亮	潤發亮	溼潤發亮
被髮洩	被發洩	被發洩情慾
被髮配	被發配	被發配到邊境
燙髮熱	燙發熱	滾燙發熱
心頭髮	心頭發	心頭發暖 / 心頭發熱
喉頭髮出	喉頭發出	仰起喉頭發出
龜頭髮出	龜頭發出	龜頭發出黏著聲
是隻有	是只有	還是只有 / 不是只有
是隻要	是只要	可是只要
是隻能	是只能	可是只能
是隻屬	是只屬	是只屬於你
是隻在	是只在	不是只在戰鬥中
是隻靠	是只靠	這是只靠我
是隻會	是只會	不是只會為錢
是隻用	是只用	老是只用
是隻推	是只推	不是只推我
是隻肯	是只肯	就是只肯聽
是隻顧	是只顧	總是只顧著
是隻來	是只來	不是只來了三個人
是隻跟	是只跟	命令是只跟蹤
是隻配	是只配	這是只配發給
是隻披	是只披	眼前是只披著一件襯衫
那隻要	那只要	那只要把一切凍結
有隻有	有只有	還有只有晚上才開的店
別隻在	別只在	別只在觀光期間
有隻限	有只限	擁有只限武器領域
週圍	周圍	皮可周圍 / 一下周圍
好睏難	好困難	呼吸好困難
好睏擾	好困擾	好困擾啊
被複仇	被復仇	被復仇之火
如干脆	如乾脆	不如乾脆
射干淨	射乾淨	射乾淨
有松垂	有鬆垂	鬆垂
鬆松	鬆鬆	蓬鬆鬆
這麼松	這麼鬆	安保這麼鬆
下采掘	下採掘	擴大一下採掘隊
有采取	有採取	沒有採取
國曆史	國歷史	建國歷史 / 三大國歷史
歲月曆練	歲月歷練	skill name
上籤個	上簽個	簽個名
我籤這	我簽這	要我簽這種合約
石制	石製	石製神殿 / 石製瞭望塔
魔法制成	魔法製成	由魔法製成
翻卷	翻捲	霧翻捲
手卷起	手捲起	揮手捲起烈風
渦卷	渦捲	渦捲著
被卷向	被捲向	被捲向夜空
道里	道裡	陰道裡 / 通道裡 / 頻道裡 / 知道裡面
海里	海裡	跳進海裡
本里	本裡	繪本裡
會里	會裡	教會裡
堆里	堆裡	男人堆裡
東西里	東西裡	東西裡
和平里	和平裡	在這和平裡
湯里	湯裡	泡在湯裡
域里	域裡	區域裡
眼神里	眼神裡	眼神裡帶著
穴里	穴裡	大洞穴裡
漠里	漠裡	沙漠裡
壽司里	壽司裡	壽司裡加了
工資里	工資裡	從工資裡扣
臣下里	臣下裡	在臣下裡
地方里	地方裡	重要的地方裡
里面	裡面	艾蕾克特拉裡面 / 喝下裡面
麵前	面前	克洛伊面前
麵臨	面臨	伊奧拉面臨
麵對	面對	諾艾米面對
水麵	水面	水面映出
摺騰	折騰	經折騰
摺磨	折磨	雙重折磨
生併成長	生並成長	出生並成長
近併成為	近並成為	親近並成為
,併成為	,並成為	酒館,並成為店主
，併為	，並為	並為後續隊伍
/併為	/並為	並為後續隊伍
，併成功	，並成功	並成功回收
交併不	交並不	性交並不是
查明瞭	查明了	查明了調查隊
透明瞭	透明了	衣服透明了
聰明瞭	聰明了	可聰明了
挑明瞭	挑明了	挑明了說
黎明瞭	黎明了	要迎來黎明了
指明瞭	指明了	指明了一個答案
落不明瞭	落不明了	下落不明了
出瞭如	出了如	露出了如此 / 做出了如此 / 漏出了如夢似幻
于山丘	於山丘	於山丘上遇見
乾得	幹得	乾得很好
你乾的	你幹的	是你幹的
們乾的	們幹的	你們幹的
人乾的	人幹的	自家人幹的
我乾的	我幹的	不是我幹的
己乾的	己幹的	自己幹的
法乾的	法幹的	被魔法幹的
厄乾的	厄幹的	災厄幹的
官乾的	官幹的	司令官幹的
葵乾的	葵幹的	向日葵幹的
伙乾的	伙幹的	那傢伙幹的
男乾的	男幹的	兜帽男幹的
該乾的	該幹的	該幹的活兒
來乾的	來幹的	工作來幹的活
白乾	白幹	白幹活 / 白幹了 / 直白幹嘛
乾勁	幹勁	乾勁十足
乾點	幹點	幹點雜活
乾完	幹完	全幹完
乾乾活	幹幹活	裝模作樣幹幹活
別隻顧	別只顧	別只顧著你們自己
類乾的	類幹的	人類幹的
全乾掉	全幹掉	根本是自己全幹掉了 (killed them all)
