# from	to	prevents
通過	通過	透過解析天使之災厄 / 通過考驗 mixed senses
溢出	溢出	地面裂縫中溢位的寒氣
對象	對象	對物件施加灼燒
的士	的士	慌張計程車兵
打開	打開	門輕鬆開啟
代碼	代碼	深淵程式碼
文件	文件	把檔案點燃
消息	消息	露迪亞帶來訊息
設置	設置	為後續隊伍設定標記
遠程	遠程	遠端攻擊
性能	性能	高效能仿生人
類型	類型	敵人型別
高級	高級	高階新床 / 高階招募券
低級	低級	低階錯誤
支持	支持	為了支援蕾澤莉婭
連接	連接	用繩索彼此連線
項目	項目	競技專案
聯繫	聯繫	石頭與我的聯絡
菜單	菜單	慶祝選單 / 今日推薦選單
設備	設備	研究設施裝置
查看	查看	前去檢視
保存	保存	不耐儲存的食物
發佈	發佈	向居民釋出避難警告
循環	循環	主線任務（迴圈）
萬象	萬象	永珍之鑰
拋出	拋出	拋出話題 -> 丟擲話題
發送	發送	傳送發光訊號
隊列	隊列	不組佇列就前進
參數	參數	引數轉換
綁定	綁定	繫結碼
數據綁定	資料綁定	資料繫結
程序	程序	自爆程式
呼出	呼出	撥出一口熱氣
觸摸	觸摸	伸手觸控
觸摸屏	觸控螢幕	觸控式螢幕
刺激光景	刺激光景	刺雷射景
導出	導出	推匯出
聲明	聲明	嬌宣告顯
運行	運行	搬執行李 / 天體執行
重裝	重裝	重灌甲魔像
重載	重載	後排過載・改
在線	在線	線上下聚會
鏡像	鏡像	和自己的映象交戰
局部	局部	水域區域性戰
內存	內存	體記憶體在
全角	全角	安全形度
擴展	擴展	擴充套件性
調度	調度	指揮排程
調試	調試	已經除錯過了
縮進	縮進	收縮排攻
禁用	禁用	不停用言語責備
實例	實例	有例項在前
掛斷	掛斷	結束通話希耶娜通信
激活	激活	啟用大地的生命力
智能手機	智慧型手機	智慧手機
